Año,Título,Autores,Miembros GoSA,Enlace,Estado
2026,Actividad solar y clima espacial: desafíos científicos y oportunidades para el desarrollo en Colombia,"Santiago Vargas-Domínguez, Jeffersson Andrés Agudelo-Rueda, Juan Camilo Buitrago-Casas, Hernán Darío Guerrero-Caguasango, Benjamín Calvo-Mozo.",Santiago Vargas Domínguez; Juan Camilo Buitrago; Benjamín Calvo Mozo,https://doi.org/10.18257/raccefyn.3286,Nueva (sep. 2026)
2026,Assessing the predictability of solar active regions using helioseismic holography: An exploratory data analysis,"Daniel Alberto Rodríguez Torres, Benjamín Calvo-Mozo, Juan Camilo Buitrago-Casas.",Daniel Alberto Rodríguez Torres; Benjamín Calvo Mozo; Juan Camilo Buitrago,https://doi.org/10.22201/ia.14052059p.2026.60.63,Nueva (sep. 2026)
2026,Design and Implementation of a Multi-Element Solar Radio Interferometer at 1.42 GHz,"Juan Sebastián Hincapié Tarquino, Benjamín Calvo-Mozo, Juan Carlos Martínez Oliveros, Javier Leonardo Araque Quijano, Javier Sánchez Gonzalez.",Juan Sebastián Hincapié Tarquino; Benjamín Calvo Mozo; Juan Carlos Martínez Oliveros; Javier Sánchez González,https://doi.org/10.1007/s11207-025-02584-z,Nueva (sep. 2026)
2026,El renacer del jardín histórico del Observatorio Astronómico Nacional de Colombia,"Santiago Vargas-Domínguez, Germán Darío Álvarez-Lucero, Mario Armando Higuera-Garzón, Julio César Palacios-Rodríguez, Elizabeth Herrera-Nariño, Richard Javier Quitián-Peña, Lizzie Katherine Cordon-López, Gonzalo Jiménez-Vargas, Juan Alexis Acero-Rangel.",Santiago Vargas Domínguez,https://doi.org/10.18257/raccefyn.3583,Nueva (sep. 2026)
2026,Establishing atmospheric turbulence thresholds for reliable ground-based solar magnetograms,"Miguel Alzate Betancur, Santiago Vargas Domínguez, José Iván Campos Rozo, René Restrepo Gómez.",Santiago Vargas Domínguez; Jose Ivan Campos Rozo,https://doi.org/10.1016/j.asr.2026.03.070,Nueva (sep. 2026)
2026,Exploring Quinoa's resilience to simulated martian UV radiation: implications for astrobiological agriculture,"Erika Paola Puentes-León, Andrea Lizeth López-Rodríguez, Zaida Zarely Ojeda-Pérez, Santiago Vargas-Domínguez.",Erika Paola Puentes León; Santiago Vargas Domínguez,https://doi.org/10.18257/raccefyn.3314,Nueva (sep. 2026)
2026,"Jesús Emilio Ramírez, S.J., and Colombia’s integration into global scientific networks during the International Geophysical Year (1957–1958)","Santiago Vargas-Domínguez, Freddy Moreno-Cárdenas.",Santiago Vargas Domínguez,https://doi.org/10.18257/raccefyn.4144,Nueva (sep. 2026)
2026,Proliferation of nighttime artificial lighting and light pollution in major urban areas of Latin America,"Kennet J. Rueda Espinosa, Andrés F. Guerrero Guio, Santiago Vargas Domínguez.",Andrés Felipe Guerrero Guio; Santiago Vargas Domínguez,https://doi.org/10.22201/ia.14052059p.2026.60.12,Nueva (sep. 2026)
2026,Solar Activity Forecasting Using a Hybrid Conv1D-LSTM Model Validated on Solar Cycle 25,"Hernán D. Guerrero-Caguasango, Santiago Vargas-Domínguez.",Santiago Vargas Domínguez,https://doi.org/10.1007/s11207-026-02710-5,Nueva (sep. 2026)
2026,Study of magnetic field variations in high-cadence vector magnetograms during solar flares,"Santiago Vargas Domínguez, Willinton Caicedo Tez, Juan Camilo Buitrago Casas.",Santiago Vargas Domínguez; Willinton Caicedo; Juan Camilo Buitrago,https://doi.org/10.22201/ia.14052059p.2026.60.65,Nueva (sep. 2026)
2026,Synthesis and inversion of Stokes parameters in the solar context applying Deep Learning Techniques,"Juan Esteban Agudelo Ortiz, Germain Nicolás Morales Suarez, Santiago Vargas Domínguez, Sergiy Shelyag.",Juan Esteban Agudelo Ortiz; Germain Nicolas Morales Suárez; Santiago Vargas Domínguez,https://doi.org/10.22201/ia.14052059p.2026.60.60,Nueva (sep. 2026)
2026,Terrestrial influence of solar activity: The September 1941 solar storm and its relationship with unexplained terrestrial events,"Freddy Moreno Cárdenas, Santiago Vargas Domínguez, Juan Camilo Buitrago Casas.",Santiago Vargas Domínguez; Juan Camilo Buitrago,https://doi.org/10.22201/ia.14052059p.2026.60.64,Nueva (sep. 2026)
2026,The scientific contributions of the first modern Colombian astronomer,"Freddy Moreno Cárdenas, Santiago Vargas Domínguez.",Santiago Vargas Domínguez,https://doi.org/10.22201/ia.14052059p.2026.60.34,Nueva (sep. 2026)
2026,Un Sol cuántico,"Santiago Vargas-Domínguez, Juan Camilo Buitrago-Casas.",Santiago Vargas Domínguez; Juan Camilo Buitrago,https://doi.org/10.18257/raccefyn.3300,Nueva (sep. 2026)
2026,Wavelength-Dependence of Granulation Patterns from the IAG Solar Spectra,"Benjamin Oostra, Claudia Alejandra Cuéllar Nieto, Manuel Esteban Fuentes Serna.",Claudia Alejandra Cuellar Nieto,https://doi.org/10.22201/ia.30618649e.2026.62.02.7552,Nueva (sep. 2026)
2026,Premature re-entry of the FACSAT-2 nanosatellite: orbital decay and attribution to the maximum of solar cycle 25,"S. Vargas Domínguez, Mara Valentina Angel, Brayan Nicolas Buitrago.",Santiago Vargas Domínguez,https://doi.org/10.48550/arxiv.2609.24534,Nueva (sep. 2026)
2026,Satellite time-series analysis of artificial light at night across major Latin American cities using VIIRS Black Marble (2012–2025),"Andres F. Guerrero Guio, Kennet J. Rueda Espinosa, Jonhatan Herney Bernal Salinas, S. Vargas Domínguez.",Andrés Felipe Guerrero Guio; Santiago Vargas Domínguez,https://doi.org/10.2139/ssrn.6666086,Nueva (sep. 2026)
2026,DKIST unveils MHD-predicted sub-50 km photospheric vortices,"Santiago Vargas-Domínguez, Oscar Andrés Calvo-Rebellon, Juan Sebastián Castellanos-Durán, M. Van Noort, Friedrich Wöger, Daniel Alberto Rodriguez-Torres, Cristian G. Bernal.",Santiago Vargas Domínguez; Oscar Andres Calvo Rebellon; Daniel Alberto Rodríguez Torres,https://doi.org/10.21203/rs.3.rs-10990993/v1,Nueva (sep. 2026)
2026,"Correlated Quasiperiodic Pulsations in Type III Radio Bursts and Solar EUV Emission, Jetlets and Magnetic Fields: Comparisons of Intervals with and without Type III Storms","C. Cattell, L. Glesener, E. L. M. Hanson, Y. Kim, T. Mahaffey, R. B. Masek, M. Phillips, J. C. Buitrago-Casas, J. Martínez Oliveros, M. Pulupa, T. Ervin, S. Badman.",Juan Camilo Buitrago; Juan Carlos Martínez Oliveros,https://doi.org/10.3847/1538-4357/ae2ff7,Nueva (sep. 2026)
2026,Morphological variations of solar granules in the presence of magnetic fields,"J. I. Campos Rozo, J. Jurčák, S. M. Díaz Castillo, M. Van Noort.",Jose Ivan Campos Rozo,https://doi.org/10.1051/0004-6361/202557284,Nueva (sep. 2026)
2026,"Multiwavelength Multipoint Observations of the October 28, 2021 Type III Radio Burst","Juan Carlos Martinez Oliveros, Vratislav Krupar, Tamar Ervin, Säm Krucker, Marc Pulupa, Samuel T. Badman, Juan Camilo Buitrago Casas, Surajit Mondal, Stuart D. Bale.",Juan Carlos Martínez Oliveros; Juan Camilo Buitrago,https://doi.org/10.1007/s11207-026-02647-9,Nueva (sep. 2026)
2026,Tracing Martian Crustal Magnetic Connectivity Using Ion Composition During the 2018 Global Dust Storm,"Ashraf Farahat, Juan Carlos Martinez Oliveros, Matthew Fillingim.",Juan Carlos Martínez Oliveros,https://doi.org/10.3390/universe12060152,Nueva (sep. 2026)
2026,"Design and Development of a Compact X-Ray, Gamma-Ray, and Environmental Monitoring Payload for Suborbital Platforms","Ashraf Farahat, Juan Carlos Martinez Oliveros, Stuart D. Bale.",Juan Carlos Martínez Oliveros,https://doi.org/10.3390/aerospace13100854,Nueva (sep. 2026)
2025,Ring current local time dependence during geomagnetic storms using equatorial Dst-proxies,"Santiago Pinzon-Cortes, Natalia Gómez-Pérez, Santiago Vargas Domínguez.",Santiago Pinzón Cortés; Santiago Vargas Domínguez,https://doi.org/10.1007/s40328-024-00459-6,Nueva (sep. 2026)
2025,Camille Flammarion y su huella en Colombia,"Santiago Vargas-Domínguez, Freddy Moreno-Cárdenas.",Santiago Vargas Domínguez,https://doi.org/10.18257/raccefyn.3219,Nueva (sep. 2026)
2025,Pensamiento Computacional en la Enseñanza de la Astrofísica Estelar: Análisis desde una intervención didáctica,"Duván Felipe Martínez Raba, Angie Alejandra Moreno Católico, Daniel Alejandro Valderrama, Santiago Vargas Domínguez.",Santiago Vargas Domínguez,https://doi.org/10.26423/rcpi.v13i1.811,Nueva (sep. 2026)
2025,"The Fúquene National Geomagnetic Observatory: A journey through its past, present, and future","María Rosa Alva Carmona, Santiago Vargas-Domínguez, Jean Villafane, Esteban Cortés-Rojas, Santiago Pinzón-Cortes, Natalia Gómez-Pérez, Enrique Torres Moya, Carlos Andrés Franco Prieto.",Santiago Vargas Domínguez; Santiago Pinzón Cortés,https://doi.org/10.18257/raccefyn.3166,Nueva (sep. 2026)
2025,Tic-tac.. ¿Quién le enseñó a contar al reloj?,"Santiago Vargas-Domínguez, René Restrepo-Gómez, María Clara Jaramillo.",Santiago Vargas Domínguez,https://publicaciones.eafit.edu.co/index.php/revista-universidad-eafit/article/view/8430,Nueva (sep. 2026)
2025,War under the Sun: exploring the plausible connection between solar storms and unexplained terrestrial events during WWII,"S. Vargas Domínguez, Freddy Moreno Cardenas, Juan Camilo Buitrago-Casas, L. Claire Gasque.",Santiago Vargas Domínguez; Juan Camilo Buitrago,https://doi.org/10.22541/essoar.174526230.08306548/v1,Nueva (sep. 2026)
2025,Geomagnetic storms and historical vulnerabilities: A solar perspective on World War II events,"Santiago Vargas-Domínguez, Freddy Moreno Cardenas, Juan Camilo Buitrago-Casas, L. Claire Gasque.",Santiago Vargas Domínguez; Juan Camilo Buitrago,https://doi.org/10.69646/aob250932,Nueva (sep. 2026)
2025,Simulation and Design of a CubeSat-Compatible X-Ray Photovoltaic Payload Using Timepix3 Sensors,"Ashraf Farahat, Juan Carlos Martinez Oliveros, Stuart D. Bale.",Juan Carlos Martínez Oliveros,https://doi.org/10.3390/aerospace12121072,Nueva (sep. 2026)
2024,The need for reinforcing the implementation of inclusion and diversity strategies as ordinary actions towards social and scientific development of our society,Santiago Vargas-Domínguez.,Santiago Vargas Domínguez,https://doi.org/10.1017/s1743921325001796,Nueva (sep. 2026)
2024,Cuantificación de sumideros de carbono azul en Colombia a partir de manglares costeros,"Joel Bernal O., Leidy P. Alfonso A., Valentina I. Burbano A., Santiago Vargas-Domínguez, María Fernanda González, Juan Esteban Agudelo, Jose Iván Campos-Rozo.",Santiago Vargas Domínguez; Juan Esteban Agudelo Ortiz; Jose Ivan Campos Rozo,https://doi.org/10.18257/raccefyn.2585,Nueva (sep. 2026)
2024,Machine Learning Synthesis and inversion method for Stokes Parameters in the solar context Machine Learning Synthesis and inversion method for Stokes Parameters in the solar,"Juan Esteban Agudelo Ortiz, Germain Nicolás Morales Suarez, Santiago Vargas Domínguez, Sergiy Shelyag.",Juan Esteban Agudelo Ortiz; Germain Nicolas Morales Suárez; Santiago Vargas Domínguez,https://doi.org/10.5194/egusphere-egu24-1604,Antigua
2024,Ring Current Local Time Dependence during geomagnetic storms using equatorial Dst-proxies Ring Current Local,"Santiago Pinzon-Cortes, Natalia Gómez-Pérez, Santiago Vargas Domínguez.",Santiago Pinzón Cortés; Santiago Vargas Domínguez,https://doi.org/10.21203/rs.3.rs-3900907/v1,Antigua
2024,Solar Radio-Interferometric Network of the Observatorio Astronómico Nacional (RRIS-OAN): Inter-calibration and Instrumental Integration Solar Radio-Interferometric Network of the Observatorio Astronómico Nacional (RRIS-OAN): Inter-calibration and Instrumental,"Javier Sanchez Gonzalez, Juan Carlos Martínez Oliveros, Santiago Vargas Domínguez.",Javier Sánchez González; Juan Carlos Martínez Oliveros; Santiago Vargas Domínguez,https://drive.google.com/file/d/1BFujtveicdkeOceuFpz3j5xGpeGwdN-A/view,Antigua
2024,La historia del Observatorio y el Observatorio en la historia La historia del Observatorio y,Santiago Vargas Domínguez.,Santiago Vargas Domínguez,https://astronomiaoan.github.io/espectra/vol2num1-ciclo220-2.html,Antigua
2024,Exploring intermittency in numerical simulations of turbulence from single and multi-spacecraft analysis Exploring,"Andres Felipe Guerrero Guio, Jeffersson Andres Agudelo Rueda, Santiago Vargas Domínguez.",Andrés Felipe Guerrero Guio; Santiago Vargas Domínguez,https://doi.org/10.3389/fspas.2024.1323993,Antigua
2024,"EXECUTIVE COMMITTEE WOMEN IN ASTRONOMY Transactions IAU, Volume XXXA Reports","Arianna Piccialli, David Valls-Gabaud, Josefa Masegosa Gallego, Jolanta Nastula, Lili Yang, Aya Bamba, Belinda Wilkes, Claudia Lagos, Santiago Vargas Dominguez, John Leibacher.",Santiago Vargas Domínguez,https://www.iau.org/static/science/scientific_bodies/working_groups/122/wg-wia-triennial-report-2021-2024.pdf,Antigua
2024,Fortalecimiento de la educación y la investigación en un contexto global: la experiencia del Programa Beyond Research Fortalecimiento de la educación y la investigación en,"Marcela Aragón Novoa, Yury Arias Olaya, Santiago Vargas Domínguez.",Santiago Vargas Domínguez,https://doi.org/10.21892/9786287515420.7,Antigua
2024,"Asociación Red de Astronomía de Colombia - RAC, Circular Astronómica 995 Enero 2024, pp 2-3, ISSN: 2805 - 9077.","Antonio Bernal González, José Roberto Vélez Múnera, Ángela Patricia Pérez Henao, Luz Ángela Cubides González, Santiago Vargas Domínguez, Andrés Gustavo Obando León, Carlos Francisco Pabón Pinto.",Santiago Vargas Domínguez,https://rac.net.co/wp-content/uploads/2023/12/Circular-enero-2024.pdf,Antigua
2024,"Comparative Image Alignment for Multiple Telescopes: ALMA, IRIS, SDO","Francisco J. Ordoñez Araujo, Juan Camilo Guevara Gómez, Benjamín Calvo Mozo.",Juan Camilo Guevara Gómez; Benjamín Calvo Mozo,https://doi.org/10.48550/arxiv.2404.04401,Nueva (sep. 2026)
2024,Comparative Analysis of Type III Radio Bursts and Solar Flares: Spatial Localization and Correlation with Solar Flare Intensity,"Vratislav Krupar, Oksana Kruparova, Adam Szabo, Frantisek Nemec, Milan Maksimovic, Juan Carlos Martinez Oliveros, David Lario, Xavier Bonnin, Antonio Vecchio, Marc Pulupa, Stuart D. Bale.",Juan Carlos Martínez Oliveros,https://doi.org/10.3847/1538-4357/ad12ba,Nueva (sep. 2026)
2024,Enhancing Triangulation of Interplanetary Type III Bursts through Wavevector Correction,"Vratislav Krupar, Oksana Kruparova, Adam Szabo, Rui F. Pinto, Milan Maksimovic, Juan Carlos Martinez Oliveros.",Juan Carlos Martínez Oliveros,https://doi.org/10.3847/1538-4357/ad150e,Nueva (sep. 2026)
2024,Unveiling the Interplanetary Solar Radio Bursts of the 2024 Mother’s Day Solar Storm,"Oksana Kruparova, Vratislav Krupar, Adam Szabo, David Lario, Teresa Nieves-Chinchilla, Juan Carlos Martinez Oliveros.",Juan Carlos Martínez Oliveros,https://doi.org/10.3847/2041-8213/ad5da6,Nueva (sep. 2026)
2023,Illuminating the threat: a decade-long analysis of light pollution in Colombian main urban centers through satellite imagery,"Kennet J. Rueda-Espinosa, Andres F. Guerrero-Guio, Santiago Vargas-Dominguez, Mauricio Vinasco-Téllez, Cristian Goez-Therán.",Andrés Felipe Guerrero Guio; Santiago Vargas Domínguez,https://doi.org/10.18257/raccefyn.1867,Nueva (sep. 2026)
2023,"Revista Universidad Nacional de Colombia / quinta época, 2023/12.",Santiago Vargas Domínguez.,Santiago Vargas Domínguez,https://arxiv.org/abs/2311.15364,Antigua
2023,"UNACIONAL DE COLOMBIA- 9789585053373, 2023/12, 112 págs.","Andres Molina Moreno, Santiago Vargas Domínguez, Cristina Quiazúa Merchán, Andrea Portela Cárdenas.",Santiago Vargas Domínguez,https://arxiv.org/abs/2311.15364,Antigua
2023,SF2A-2023: Proceedings of the Annual meeting of the French Society of Astronomy and Astrophysics. 2023/12.,"M. Pandey-Pommier, A. Piccialli, B. J. Wilkes, P. Hasan, S. Vargas Dominguez, A. S. Hassanin, D. Lazzaro, C. D. P. Lagos, J. Masegosa, L. Yang, D. Valls-Gabaud, J. Leibacher, D. J. Norman, J. Nastula, A. Bamba.",Santiago Vargas Domínguez,https://arxiv.org/pdf/2311.15364,Antigua
2023,"54th Meeting of the Solar Physics Division, id. 109.05. Bulletin of the American Astronomical Society, Vol. 55, No. 7 e-id 2023n7i109p05.","Juan Buitrago-Casas, Willinton Jhomar Caicedo Tez, Santiago Vargas Dominguez, Juan Carlos Martinez Oliveros, Savannah Perez-Piel, Charles Lindsey.",Juan Camilo Buitrago; Santiago Vargas Domínguez; Juan Carlos Martínez Oliveros,https://ui.adsabs.harvard.edu/abs/2023SPD....5410905B/abstract,Antigua
2023,"arXiv e-prints, 2023/9.","Johan Nicolás Molina Córdoba, S Vargas Domínguez, Ji Zuluaga.",Johan Nicolás Molina; Santiago Vargas Domínguez,https://ui.adsabs.harvard.edu/abs/2023arXiv230902809N/abstract,Antigua
2023,"Revista de la Academia Colombiana de Ciencias Exactas, Físicas y Naturales. 47(183):445-452, abril-junio de 2023.","Santiago Vargas-Domínguez, Benjamín Calvo-Mozo, Juan Carlos Martínez Oliveros, Juan Camilo Buitrago-Casas.",Santiago Vargas Domínguez; Benjamín Calvo Mozo; Juan Carlos Martínez Oliveros; Juan Camilo Buitrago,https://doi.org/10.18257/raccefyn.1930,Antigua
2023,"A&A 674, A91 (2023).","Ji Campos Rozo, S Vargas Domínguez, D Utz, Am Veronig, A Hanslmeier.",Santiago Vargas Domínguez,https://doi.org/10.1051/0004-6361/202346389,Antigua
2023,"Revista Hipótesis, 2023/4, pp 2-9: Universidad de Los Andes.","Maria Fernanda González, Santiago Vargas Domínguez.",Santiago Vargas Domínguez,https://scholar.google.com/scholar?cluster=17777101556116558449&hl=en&oi=scholarr,Antigua
2023,An overview of HMI off-disk flare observations,"D. Fremstad, J. C. Guevara Gómez, H. Hudson, J. C. Martínez Oliveros.",Juan Camilo Guevara Gómez; Juan Carlos Martínez Oliveros,https://doi.org/10.1051/0004-6361/202245788,Nueva (sep. 2026)
2023,Dispersive Suprathermal Ion Events Observed by the Parker Solar Probe Mission,"S. T. Alnussirat, R. Livi, D. E. Larson, A. Rahmati, P. L. Whittlesey, O. Romeo, S. T. Badman, Milo Buitrago-Casas, Juan Carlos Martínez Oliveros, M. Pulupa, et al.",Juan Carlos Martínez Oliveros,https://doi.org/10.3847/2041-8213/acf21c,Nueva (sep. 2026)
2023,Temporal Defocusing as a Depth Diagnostic of Submerged Sources of Transient Acoustic Emission from Solar Flares,"Savannah Perez-Piel, Juan Camilo Buitrago-Casas, Juan Carlos Martínez Oliveros, Charles Lindsey.",Juan Camilo Buitrago; Juan Carlos Martínez Oliveros,https://doi.org/10.1007/s11207-023-02163-0,Nueva (sep. 2026)
2022,Aplicación de técnicas de Deep Learning en modelamiento y observación de la fotósfera solar,"Germain Nicolas Morales Suarez, Juan Esteban Agudelo Ortiz, Santiago Vargas Dominguez, Sergiy Shelyag.",Germain Nicolas Morales Suárez; Juan Esteban Agudelo Ortiz; Santiago Vargas Domínguez,https://doi.org/10.19053/01217488.v1.n2e.2022.15240,Nueva (sep. 2026)
2022,"Planetario de Bogotá Instituto Distrital de las Artes - Idartes, Revista cometa, Vol. 3, ISSN 2745 - 2514, Enero-Junio 2022, pp 6-9.",Santiago Vargas Domínguez.,Santiago Vargas Domínguez,https://idartesencasa.gov.co/sites/default/files//libros_pdf/Revista_Cometa_Tercera_Edicion.pdf,Antigua
2022,Autores:,"Astrid Del Socorro Altamar Consuegra, Sonia Lucila Meneses Velosa, Claudia Arias, Gilberto Vallejo Moreno, Daniel Alejandro Herrera Ladino, Iván Andrés Herrera Ladino, Álvaro Luis Mercado Suárez, Margarita Rosa Medina Vargas, Sindy Viviana Giraldo Arcila, Cristian Góez Therán, Santiago Vargas Domínguez, Paola Andrea Echeverri Gutiérrez, Jesús David Valencia Salazar, Daniel Aristizábal Torres, Adán Silvestre Gutiérrez, Ana María Barrera Rodríguez, Leila Nayibe Ramírez Castañeda, Nelson Obregón Neira, Gina Paola González Angarita, José Alejandro Martínez, Darío Mauricio Reyes, Nicolás Giraldo Castro.",Santiago Vargas Domínguez,https://doi.org/10.57793/9789587566468,Antigua
2022,"Springer Nature Singapore, Reviews of Modern Plasma Physics, Volume 6, article number 33, (2022)","Santiago Vargas Domínguez, Dominik Utz.",Santiago Vargas Domínguez,https://link.springer.com/article/10.1007/s41614-022-00094-0,Antigua
2022,"Historias del Cosmos Historias del Cosmos Historias del Cosmos http://www.astroscu.unam.mx/rmaa/RMxAC..54/PDF/RMxAC..54_PHasan-XXX.pdf ISBN 978-958-794-908-7, Vargas Domínguez, S. 2022/9. ISBN 978-958-794-908-7, Vargas",Santiago Vargas Dominguez.,Santiago Vargas Domínguez,https://repositorio.unal.edu.co/handle/unal/83752,Antigua
2022,"2nd Workshop on Astronomy Beyond the Common Senses for Accessibility and Inclusion (2WAI)(Virtual-Modality, November 17-18, 2021).","Santiago Vargas Domínguez, Beatriz Garcia, Gary Hemming, Sonia Duffau, Nicolás Vázquez, Angela Pérez.",Santiago Vargas Domínguez,https://scholar.google.com/scholar?oi=bibs&cluster=12197591915661201289&btnI=1&hl=en,Antigua
2022,INVITED TALKS THE POWER OF LISTENING TO YOUR DATA: OPENING DOORS AND ENHANCING DISCOVERY USING SONIFICATION INVITED TALKS THE POWER OF LISTENING TO YOUR DATA:,"Santiago Vargas Domínguez, Beatriz Garcia, Gary Hemming, Sonia Duffau.",Santiago Vargas Domínguez,https://www.astroscu.unam.mx/rmaa/RMxAC..54/PDF/RMxAC..54_CONTENTS.pdf,Antigua
2022,Caribbean Astronomy for Inclusion (CAI): Transforming “theory” on inclusion into concrete actions Caribbean,"B. Ocaña Flaquer, W. Diaz Merced, S. Haque, R. Narcisse, J. Mejuto, E. Diaz, S. Vargas Domínguez, A. Bieryla, K. Eastwood.",Santiago Vargas Domínguez,https://doi.org/10.22201/ia.14052059p.2022.54.18,Antigua
2022,The IAU Women in Astronomy Working Group and Inclusivity The IAU Women in Astronomy Working Group,"P Hasan, M Pandey-Pommier, S Vargas DomíNguez, A Piccialli, A Saad Hassanin, D Lazzaro, Dj Norman, Bj Wilkes, J Leibacher, Cdp Lagos, J Masegosa, L Yang, D Valls-Gabaud, A Bamba, J Nastula.",Santiago Vargas Domínguez,https://doi.org/10.22201/ia.14052059p.2022.54.30,Antigua
2022,"ISBN 978-958-49-4995-0, Vargas Domínguez, S, 2022/4.","A Oliveros Prada, W Helmuth Sánchez, S Vargas Domínguez, S. Hernández Arrieta.",Santiago Vargas Domínguez,https://scholar.google.com/citations?view_op=view_citation&hl=en&user=9DDaTaAAAAAJ&cstart=20&pagesize=80&sortby=pubdate&citation_for_view=9DDaTaAAAAAJ:cB__R-XWw9UC,Antigua
2022,"Internacional Astronomical Union Annual Reports, 2022.","Ilaria Ermolli, Alfio Bonanno, Yoichiro Hanaoka, Alexander Kosovichev, Kritof Petrovay, Paul Rajaguru, Michal Svanda, Santiago Vargas Dominguez.",Santiago Vargas Domínguez,https://www.iau.org/static/science/scientific_bodies/commissions/e1/commission-e1-annual-report-2021-2022.pdf,Antigua
2022,Observational evidence for two-component distributions describing solar magnetic bright points Observational evidence for two-component distributions,"Gerardine Berrios Saavedra, Dominik Utz, Santiago Vargas Domínguez, José Iván Campos Rozo, Sergio Javier González Manrique, Peter Gömöry, Christoph Kuckein, Horst Balthasar, Peter Zelina.",Santiago Vargas Domínguez; Jose Ivan Campos Rozo,https://www.aanda.org/articles/aa/abs/2022/01/aa41231-21/aa41231-21.html,Antigua
2022,Energy Transport during 3D Small-scale Reconnection Driven by Anisotropic Plasma Turbulence,"Jeffersson A. Agudelo Rueda, Daniel Verscharen, Robert T. Wicks, Christopher J. Owen, Georgios Nicolaou, Kai Germaschewski, Andrew P. Walsh, Ioannis Zouganelis, Santiago Vargas Domínguez.",Santiago Vargas Domínguez,https://doi.org/10.3847/1538-4357/ac8667,Nueva (sep. 2026)
2022,Engaging Scientific Diasporas in STEAM Education: The Case of Science Clubs Colombia,"Bryann E. Avendano-Uribe, Andres Lombana-Bermudez, Laura V. Flórez, Elisa Chaparro, Adriana Carolina Hernandez-Morales, Jorge Archbold, Juan Camilo Buitrago-Casas, Ana Maria Porras.",Juan Camilo Buitrago,https://doi.org/10.3389/frma.2022.898167,Nueva (sep. 2026)
2022,Estudio de las velocidades Doppler y su relación con las oscilaciones del campo magnético en la penumbra de las manchas solares,"Francisco J. Ordoñez Araujo, Benjamín Calvo Mozo, Sebastian J. Castellanos Durán.",Benjamín Calvo Mozo,https://doi.org/10.19053/01217488.v1.n2e.2022.15245,Nueva (sep. 2026)
2022,Interaction of convective plasma and small-scale magnetic fields in the lower solar atmosphere,"Santiago Vargas Domínguez, Dominik Utz.",Santiago Vargas Domínguez,https://doi.org/10.1007/s41614-022-00094-0,Nueva (sep. 2026)
2022,Observations of Thomson Scattering from a Loop-prominence System,"Juan Carlos Martínez Oliveros, Juan Camilo Guevara Gómez, Pascal Saint-Hilaire, Hugh Hudson, Säm Krucker.",Juan Carlos Martínez Oliveros; Juan Camilo Guevara Gómez,https://doi.org/10.3847/1538-4357/ac83b7,Nueva (sep. 2026)
2022,Photospheric magnetic field variation during solar flares and their implication for the generation of sunquakes,"S. Vargas Domínguez, W. Caicedo Tez, J. C. Buitrago Casas.",Santiago Vargas Domínguez; Willinton Caicedo; Juan Camilo Buitrago,https://doi.org/10.1017/s1743921322005026,Nueva (sep. 2026)
2022,Sobre el movimiento y propiedades físicas de puntos magnéticos brillantes en la fotosfera solar,"Yeimy Gerardine Berrios Saavedra, Dominik Utz, Santiago Vargas.",Santiago Vargas Domínguez,https://doi.org/10.19053/01217488.v1.n2e.2022.15241,Nueva (sep. 2026)
2022,Solar Chromospheric Network as a Source for Solar Wind Switchbacks,"Jeongwoo Lee, Vasyl Yurchyshyn, Haimin Wang, Xu Yang, Wenda Cao, Juan Carlos Martínez Oliveros.",Juan Carlos Martínez Oliveros,https://doi.org/10.3847/2041-8213/ac86bf,Nueva (sep. 2026)
2022,Sonificando el brillo de las estrellas,"Javier Sánchez González, Santiago Vargas Dominguez.",Javier Sánchez González; Santiago Vargas Domínguez,https://doi.org/10.19053/01217488.v1.n2e.2022.15244,Nueva (sep. 2026)
2022,The faintest solar coronal hard X-rays observed with FOXSI,"Juan Camilo Buitrago-Casas, Lindsay Glesener, Steven Christe, Säm Krucker, Juliana Vievering, P. S. Athiray, Sophie Musset, Lance Davis, Sasha Courtade, Gregory Dalton, et al.",Juan Camilo Buitrago,https://doi.org/10.1051/0004-6361/202243272,Nueva (sep. 2026)
2022,"The pioneering scientific endeavor and contributions of José María González Benito (1843-1903), the first Colombian modern astronomer","Freddy Moreno-Cárdenas, Santiago Vargas-Domínguez, Jorge Cuéllar-Moyano.",Santiago Vargas Domínguez,https://doi.org/10.18257/raccefyn.1795,Nueva (sep. 2026)
2022,"Tracking a Beam of Electrons from the Low Solar Corona into Interplanetary Space with the Low Frequency Array, Parker Solar Probe, and 1 au Spacecraft","Samuel T. Badman, Eoin Carley, Luis Alberto Cañizares, Nina Dresing, Lan K. Jian, David Lario, Peter T. Gallagher, Juan C. Martínez Oliveros, Marc Pulupa, Stuart D. Bale.",Juan Carlos Martínez Oliveros,https://doi.org/10.3847/1538-4357/ac90c2,Nueva (sep. 2026)
2022,What aspects of solar flares can be clarified with mm/submm observations?,"Gregory D. Fleishman, Juan Carlos Martinez Oliveros, Enrico Landi, Lindsay Glesener.",Juan Carlos Martínez Oliveros,https://doi.org/10.3389/fspas.2022.966444,Nueva (sep. 2026)
2022,The Solar Activity Monitor Network – SAMNet,"Robertus Erdélyi, Marianna B. Korsós, Xin Huang, Yong Yang, Danielle Pizzey, Steven A. Wrathmall, Ifan G. Hughes, Martin J. Dyer, Vikram S. Dhillon, Bernadett Belucz, Santiago Vargas Domínguez, et al.",Santiago Vargas Domínguez,https://doi.org/10.1051/swsc/2021025,Nueva (sep. 2026)
2021,Three-dimensional magnetic reconnection in particle-in-cell simulations of anisotropic plasma turbulence Three-dimensional magnetic reconnection in particle-in-cell,"Jeffersson A. Agudelo Rueda, Daniel Verscharen, Robert T. Wicks, Christopher J. Owen, Georgios Nicolaou, Andrew P. Walsh, Ioannis Zouganelis, Kai Germaschewski, Santiago Vargas Domínguez",Santiago Vargas Domínguez,https://www.cambridge.org/core/journals/journal-of-plasma-physics/article/threedimensional-magnetic-reconnection-in-particleincell-simulations-of-anisotropic-plasma-turbulence/83BF0275A43DADC67ED50A7E94CE3ACD,Antigua
2021,Latin American Network for Scientific Culture (RedLCC): A Regional Science Communication Initiative Latin,"Felix Moronta-Barrios, Santiago Vargas Domínguez, Melanie Nuesch-Germano, Vicente Torres, Katherina Selvaggi, Cecilia Di Prinzio, Emma O'Brien, Victor Hernandez, Martin Monteiro",Santiago Vargas Domínguez,https://www.frontiersin.org/articles/10.3389/frma.2021.654022/full,Antigua
2021,The active region source of a type III radio storm observed by Parker Solar Probe during Encounter 2 The active region source of a type,"Louise Harra, David H Brooks, Stuart D Bale, Ch Mandrini, Krzysztof Barczynski, Rohit Sharma, Samuel T Badman, S Vargas Dominguez, Marc Pulupa",Santiago Vargas Domínguez,https://www.aanda.org/articles/aa/abs/2021/06/aa39514-20/aa39514-20.html,Antigua
2021,Análisis de polaridades magnéticas en regiones activas para la predicción de fulguraciones solares Análisis de polaridades magnéticas en regiones activas para la predicción de fulguraciones,"Natalia Granados Hernández, Santiago Vargas Dominguez",Santiago Vargas Domínguez,https://raccefyn.co/index.php/raccefyn/article/view/1196,Antigua
2021,Comparative analysis of sky quality and meteorological variables during the total lunar eclipse on 14-15 April 2014 and their effect on qualitative measurements of the,"Cristian Goez, Santiago Vargas Dominguez",Santiago Vargas Domínguez,https://doi.org/10.3847/1538-4357/abf145,Nueva (sep. 2026)
2021,Periodicities in an active region correlated with Type III radio bursts observed by Parker Solar Probe,"Cynthia Cattell, Lindsay Glesener, Benjamin Leiran, John Dombeck, Keith Goetz, Juan Carlos Martínez Oliveros, Samuel T. Badman, Marc Pulupa, Stuart D. Bale.",Juan Carlos Martínez Oliveros,https://doi.org/10.1051/0004-6361/202039510,Nueva (sep. 2026)
2021,Thomson Scattering in the Lower Corona in the Presence of Sunspots,"Pascal Saint-Hilaire, Juan Carlos Martínez Oliveros, Hugh S. Hudson.",Juan Carlos Martínez Oliveros,https://doi.org/10.3847/1538-4357/ac2f9b,Nueva (sep. 2026)
2020,Submerged sources of transient acoustic emission from solar flares Submerged sources of transient acoustic emission from,"Benjamin Calvo Mozo, Charles Lindsey, Juan Camilo Buitrago Casas, Juan Carlos Martinez Oliveros, Valeria Quintero Ortega, Angel Daniel Martinez Cifuentes",Benjamín Calvo Mozo; Juan Camilo Buitrago; Juan Carlos Martínez Oliveros; Valeria Quintero Ortega; Angel Daniel Martínez,https://iopscience.iop.org/article/10.3847/2041-8213/abad2a,Antigua
2020,Nodo colombiano para la Red Internacional de Monitoreo de Actividad Solar Nodo colombiano para,"Raul Joya, Santiago Vargas Dominguez, Charles Triana, Javier Sánchez, Domenico Bonaccini Calia",Santiago Vargas Domínguez; Javier Sánchez González,https://innovacionyciencia.com/articulos_cientificos/nodo-colombiano-para-la-red-internacional-de-monitoreo-de-actividad-solar,Antigua
2020,An In Situ Interplanetary “U-burst”: Observation and Results,"Juan Carlos Martínez Oliveros, Saida Milena Díaz Castillo, Vratislav Krupar, Marc Pulupa, Stuart D. Bale, Benjamín Calvo-Mozo.",Juan Carlos Martínez Oliveros; Benjamín Calvo Mozo,https://doi.org/10.3847/1538-4357/ab96c3,Nueva (sep. 2026)
2020,FOXSI-2 Solar Microflares. I. Multi-instrument Differential Emission Measure Analysis and Thermal Energies,"P. S. Athiray, Juliana Vievering, Lindsay Glesener, Shin-Nosuke Ishikawa, Noriyuki Narukage, Juan Camilo Buitrago-Casas, Sophie Musset, Andrew Inglis, Steven Christe, Säm Krucker, Daniel Ryan.",Juan Camilo Buitrago,https://doi.org/10.3847/1538-4357/ab7200,Nueva (sep. 2026)
2020,Magnetic Connectivity of the Ecliptic Plane within 0.5 au: Potential Field Source Surface Modeling of the First Parker Solar Probe Encounter,"Samuel T. Badman, Stuart D. Bale, Juan C. Martínez Oliveros, Olga Panasenco, Marco Velli, David Stansby, Juan C. Buitrago-Casas, Victor Réville, John W. Bonnell, Anthony W. Case, et al.",Juan Carlos Martínez Oliveros; Juan Camilo Buitrago,https://doi.org/10.3847/1538-4365/ab4da7,Nueva (sep. 2026)
2020,Magnetic Flux Emergence in a Coronal Hole,"Judith Palacios, Dominik Utz, Stefan Hofmeister, Kilian Krikova, Peter Gömöry, Christoph Kuckein, Carsten Denker, Meetu Verma, Sergio Javier González Manrique, Jose Iván Campos Rozo, et al.",Jose Ivan Campos Rozo,https://doi.org/10.1007/s11207-020-01629-9,Nueva (sep. 2026)
2020,SunPy: A Python package for Solar Physics,"Stuart Mumford, Nabil Freij, Steven Christe, Jack Ireland, Florian Mayer, V. Hughitt, Albert Shih, Daniel Ryan, Simon Liedtke, David Pérez-Suárez, Jose Rozo, Juan Buitrago-Casas, et al.",Jose Ivan Campos Rozo; Juan Camilo Buitrago,https://doi.org/10.21105/joss.01832,Nueva (sep. 2026)
2020,Ultra-impulsive Solar Flare Seismology,"Angel D. Martínez, Valeria Quintero Ortega, J. C. Buitrago-Casas, Juan Carlos Martínez Oliveros, Benjamín Calvo-Mozo, Charles Lindsey.",Angel Daniel Martínez; Valeria Quintero Ortega; Juan Camilo Buitrago; Juan Carlos Martínez Oliveros; Benjamín Calvo Mozo,https://doi.org/10.3847/2041-8213/ab9173,Nueva (sep. 2026)
2020,Use of a ray-tracing simulation to characterize ghost rays in the FOXSI rocket experiment,"J.C. Buitrago-Casas, S. Christe, L. Glesener, S. Krucker, B. Ramsey, S. Bongiorno, K. Kilaru, P.S. Athiray, N. Narukage, S. Ishikawa, et al.",Juan Camilo Buitrago,https://doi.org/10.1088/1748-0221/15/11/p11032,Nueva (sep. 2026)
2019,The Educational and Influential Power of the Sun The,"Alejandro Cárdenas, Santiago Vargas Dominguez, Fredy Moreno, Benjamín Calvo",Santiago Vargas Domínguez; Benjamín Calvo Mozo,https://www.capjournal.org/issues/25/25_28.pdf,Antigua
2019,Photospheric plasma and magnetic field dynamics during the formation of solar AR 11190 Photospheric plasma and magnetic field dynamics during the formation of solar AR,"Jose Ivan Campos Rozo, Dominik Utz, Santiago Vargas Domínguez2, Astrid Veronig, Tom Van Doorsselaere",Jose Ivan Campos Rozo; Santiago Vargas Domínguez,https://www.aanda.org/articles/aa/full_html/2019/02/aa32760-18/aa32760-18.html,Antigua
2018,Análisis de la dinámica fotosférica a gran escala durante el ciclo solar 24 Análisis de la dinámica fotosférica a gran escala durante el ciclo solar,"Valeria Quintero, Jose Iván Campos, Santiago Vargas Dominguez",Valeria Quintero Ortega; Jose Ivan Campos Rozo; Santiago Vargas Domínguez,https://www.redalyc.org/articulo.oa?id=84958001028,Antigua
2018,A statistical study of photospheric magnetic field changes during 75 solar flares A,"Juan Sebastian Castellanos Duran, Benjamin Calvo Mozo",Benjamín Calvo Mozo,https://iopscience.iop.org/article/10.3847/1538-4357/aa9d37,Antigua
2018,Analysis of large-scale photospheric dynamics during the solar cycle 24,"Valeria Quintero Ortega, Jose Iván Campos Rozo, Santiago Vargas Domínguez.",Valeria Quintero Ortega; Jose Ivan Campos Rozo; Santiago Vargas Domínguez,https://doi.org/10.22517/23447214.17541,Nueva (sep. 2026)
2018,FM14 Session 2: Communicating Astronomy in our Changing World,"William H. Waller, Lina Canas, Hidehiko Agata, Hitoshi Yamaoka, Shigeyuki Karino, Davide Cenadelli, Andrea Ettore Bernagozzi, Jean Marc Christille, Matteo Benedetto, Matteo Calabrese, Domínguez Santiago Vargas, et al.",Santiago Vargas Domínguez,https://doi.org/10.1017/s1743921319005283,Nueva (sep. 2026)
2017,Tuning up Fuzzy Inference Systems by using optimization algorithms for the classification of solar flares Tuning up Fuzzy Inference Systems by using optimization algorithms for,"Liz Angélica Ramos, Alex Francisco Bustos Pinzón, Miguel A Melgarejo R, Santiago Vargas Domínguez",Santiago Vargas Domínguez,https://arxiv.org/abs/1706.08163,Antigua
2017,The Sun and its educational spectrum Communicating,"Alejandro Cárdenas, Santiago Vargas Dominguez, Fredy Moreno, Benjamin Calvo",Santiago Vargas Domínguez; Benjamín Calvo Mozo,https://www.semanticscholar.org/paper/The-Sun-and-its-educational-spectrum-C%C3%A1rdenas-Avenda%C3%B1o-Dominguez/5e6a309f016d1b915a97634262fb0697a99ff215,Antigua
2017,A Python-based interface to examine motions in time series of solar images A,Jose Ivan Campos Santiago Vargas Dominguez,,https://www.cambridge.org/core/journals/proceedings-of-the-international-astronomical-union/article/pythonbased-interface-to-examine-motions-in-time-series-of-solar-images/A20607A55F12C7E4E4A2B413940CA102,Antigua
2017,Initiation and chromospheric effects of a M1.0 class solar flare from high-resolution multi-wavelength observations Initiation and chromospheric effects of a M1.0 class solar flare from,"Vm Sadykov, Ag Kosovichev, In Sharykin, Iv Zimovets, S Vargas Dominguez",Santiago Vargas Domínguez,https://www.cambridge.org/core/journals/proceedings-of-the-international-astronomical-union/article/initiation-and-chromospheric-effects-of-a-m10-class-solar-flare-from-highresolution-multiwavelength-observations/BA484DC26C328B0C4A008BC7D90D8112,Antigua
2017,Polar Facular Observations by the Zurich Observatory: A Window to the Evolution of the Polar Fields during the Weakest Cycles of the Last 200 Years,"Juan Pablo Vargas, Andres Muñoz, Santiago Vargas Dominguez",Santiago Vargas Domínguez,https://ui.adsabs.harvard.edu/abs/2017SPD....48.0501V/abstract,Antigua
2017,Update on a Solar Magnetic Catalog Spanning Four Solar Cycles Update on a Solar Magnetic,"Juan Pablo Vargas, Andres Muñoz, Santiago Vargas Dominguez, Leif Svalgaard",Santiago Vargas Domínguez,https://ui.adsabs.harvard.edu/abs/2017SPD....4811202V/abstract,Antigua
2017,"The effect of Cepheids exhibitting blending, bumps, eclipses and period changes on the Period-Luminosity relation The effect of Cepheids exhibitting blending, bumps, eclipses and period","Alejandro García, Jaime Juñoz, Beatriz Sabogal, Santiago Vargas Dominguez, Jorge Martínez",Santiago Vargas Domínguez,https://www.redalyc.org/pdf/571/57153211146.pdf,Antigua
2017,Flare Energy Release in the Lower Solar Atmosphere near the Magnetic Field Polarity Inversion Line Flare Energy Release in the Lower Solar Atmosphere near the,"I. N. Sharykin, V. M. Sadykov, A. G. Kosovichev3, S. Vargas-Dominguez4, And I. V. Zimovets",Santiago Vargas Domínguez,https://iopscience.iop.org/article/10.3847/1538-4357/aa6dfd,Antigua
2017,The best of both worlds: Using automatic detection and limited human supervision to create a homogenous magnetic catalog spanning four solar cycles The best of,"Juan Pablo Vargas, Andres Muñoz, Santiago Vargas Dominguez, Leif Svalgaard",Santiago Vargas Domínguez,https://ieeexplore.ieee.org/document/7840975,Antigua
2017,The Carrington event and observation of aurorae at very low latitudes The Carrington event,"Fredy Moreno Cardenas, Sergio Cristancho Sanchez, Santiago Vargas Dominguez",Santiago Vargas Domínguez,https://www.redalyc.org/pdf/571/57153211116.pdf,Antigua
2017,Detection of nanoflare-heated plasma in the solar corona by the FOXSI-2 sounding rocket,"Shin-Nosuke Ishikawa, Lindsay Glesener, Säm Krucker, Steven Christe, Juan Camilo Buitrago-Casas, Noriyuki Narukage, Juliana Vievering.",Juan Camilo Buitrago,https://doi.org/10.1038/s41550-017-0269-z,Nueva (sep. 2026)
2017,Fuzzy Inference Systems Tuning with Optimization Algorithms for Solar Flares Classification,"Liz Angélica Ramos, Alex Francisco Bustos Pinzón, Miguel A. Melgarejo R., Santiago Vargas Domínguez.",Santiago Vargas Domínguez,https://doi.org/10.18180/tecciencia.2017.23.5,Nueva (sep. 2026)
2017,"The Solar Probe Plus Radio Frequency Spectrometer: Measurement requirements, analog design, and digital signal processing","M. Pulupa, S. D. Bale, J. W. Bonnell, T. A. Bowen, N. Carruth, K. Goetz, D. Gordon, P. R. Harvey, M. Maksimovic, J. C. Martínez‐Oliveros, et al.",,https://doi.org/10.1002/2016ja023345,Nueva (sep. 2026)
2016,Relationship Between Chromospheric Evaporation and Magnetic Field Topology in an M-Class Solar Flare Relationship Between Chromospheric Evaporation and Magnetic Field Topology in an M-Class Solar,"Sadykov, Viacheslav, Kosovichev, Alexander G, Sharykin, Ivan N, Zimovets, Ivan V., Vargas Dominguez, Santiago",,https://iopscience.iop.org/article/10.3847/0004-637X/828/1/4,Antigua
2016,"The Influential Effect of Blending, Bump, Changing Period, and Eclipsing Cepheids on the Leavitt Law The Influential Effect of Blending, Bump, Changing Period, and Eclipsing","Alejandro García, Jaime Juñoz, Beatriz Sabogal, Santiago Vargas Dominguez, Jorge Martínez",Santiago Vargas Domínguez,https://iopscience.iop.org/article/10.3847/0004-637X/824/2/74,Antigua
2016,Developing a Solar Magnetic Catalog Spanning Four Cycles Developing,"Juan Pablo Vargas, Andres Muñoz, Santiago Vargas Dominguez, Leif Svalgaard",Santiago Vargas Domínguez,https://ui.adsabs.harvard.edu/abs/2016SPD....4740502W/abstract,Antigua
2016,Observational Investigation of Energy Release in the Lower Solar Atmosphere of a Solar Flare Observational Investigation of Energy Release in the Lower Solar Atmosphere of,"I. N. Sharykin, V. M. Sadykov, A. G. Kosovichev, S. Vargas-Dominguez4, And I. V. Zimovets",Santiago Vargas Domínguez,https://arxiv.org/abs/1604.05380,Antigua
2016,Multi-wavelength Observations of Photospheric Vortex Flows in the Photosphere Using Ground-based and Space-borne Telescopes Multi-wavelength Observations of Photospheric Vortex Flows in the Photosphere Using Ground-based,"Santiago Vargas Dominguez, A. G. Kosovichev, V. M. Sadykov",Santiago Vargas Domínguez,https://arxiv.org/abs/1704.00660,Antigua
2016,Development of a Homogenous Database of Bipolar Active Regions Spanning Four Cycles Development,"A. Munoz-Jaramillo, Z. A. Werginz, J. P. Vargas-Acosta, M. D. Deluca, S. Vargas-Dominguez, D. A. Lamb, C. E. Deforest, D. W. Longcope, P. Martens",Santiago Vargas Domínguez,https://agu.confex.com/agu/fm16/meetingapp.cgi/Paper/128917,Antigua
2016,Influence of a plasma swirl motion on fine magnetic concentrations in the solar photosphere Influence of a plasma swirl motion on fine magnetic concentrations in,"Santiago Vargas Domínguez, Judith Palacios, Laura Balmaceda, Iballa Cabello, Vicente Domingo",Santiago Vargas Domínguez,https://revistas.ecci.edu.co/index.php/TECCIENCIA/article/view/298,Antigua
2016,Evidence of in-situ Type II radio bursts in interplanetary shocks,"S. M. Díaz-Castillo, J. C. Martínez Oliveros, B. Calvo-Mozo.",Juan Carlos Martínez Oliveros; Benjamín Calvo Mozo,https://doi.org/10.1017/s1743921317004008,Nueva (sep. 2026)
2016,First Colombian Solar Radio Interferometer: current stage,"J. C. Guevara Gómez, J. C. Martínez Oliveros, B. Calvo-Mozo.",Juan Camilo Guevara Gómez; Juan Carlos Martínez Oliveros; Benjamín Calvo Mozo,https://doi.org/10.1017/s1743921317000084,Nueva (sep. 2026)
2016,FOXSI-2: Upgrades of the Focusing Optics X-ray Solar Imager for its Second Flight,"Steven Christe, Lindsay Glesener, Camilo Buitrago-Casas, Shin-Nosuke Ishikawa, Brian Ramsey, Mikhail Gubarev, Kiranmayee Kilaru, Jeffery J. Kolodziejczak, Shin Watanabe, Tadayuki Takahashi, et al.",,https://doi.org/10.1142/s2251171716400055,Nueva (sep. 2026)
2016,Impulsivity parameter for solar flares,"W. G. Fajardo-Mendieta, J. C. Martínez-Oliveros, J. D. Alvarado-Gómez, B. Calvo-Mozo.",Juan Carlos Martínez Oliveros; Benjamín Calvo Mozo,https://doi.org/10.3847/0004-637x/818/1/56,Nueva (sep. 2026)
2016,P-mode induced convective collapse in vertical expanding magnetic flux tubes?,"D. Utz, T. Van Doorsselaere, N. Magyar, M. Bárta, J. I. Campos Rozo.",Jose Ivan Campos Rozo,https://doi.org/10.1017/s174392131700401x,Nueva (sep. 2026)
2016,Correlation of hard X-ray and white light emission in solar flares,"Matej Kuhar, Säm Krucker, Juan Carlos Martínez Oliveros, Marina Battaglia, Lucia Kleint, Diego Casadei, Hugh S. Hudson.",Juan Carlos Martínez Oliveros,https://doi.org/10.3847/0004-637x/816/1/6,Nueva (sep. 2026)
2016,The grand aurorae borealis seen in Colombia in 1859,"Freddy Moreno Cárdenas, Sergio Cristancho Sánchez, Santiago Vargas Domínguez.",Santiago Vargas Domínguez,https://doi.org/10.1016/j.asr.2015.08.026,Nueva (sep. 2026)
2015,Python Implementation for Local Correlation Tracking Analysis of Solar Data Python Implementation for Local Correlation,"Santiago Vargas Dominguez, Jose Ivan Campos Rozo",Santiago Vargas Domínguez; Jose Ivan Campos Rozo,https://agu.confex.com/agu/fm15/meetingapp.cgi/Paper/70512,Antigua
2015,Contextualizing Solar Cycle 24: Report on the Development of a Homogenous Database of Bipolar Active Regions Spanning Four Cycles Contextualizing Solar Cycle 24: Report on,"Munoz-Jaramillo, A. ; Werginz, Z. A. ; Deluca, M. D. ; Vargas-Acosta, J. P. ; Longcope, D. W. ; Harvey, J. W. ; Martens, P. ; Zhang, J. ; Vargas-Dominguez, S. Search By Orcid ; Deforest, C. E. ; Lamb, D. A.",,https://ui.adsabs.harvard.edu/abs/2015AGUFMSH33D..06M/abstract,Antigua
2015,A statistical correlation of sunquakes based on their seismic and white-light emission A,"Juan Camilo Buitrago Casas, Benjamin Calvo Mozo, Juan Carlos Martinez Oliveros, Charles Lindsey",Juan Camilo Buitrago; Benjamín Calvo Mozo; Juan Carlos Martínez Oliveros,https://link.springer.com/article/10.1007%2Fs11207-015-0786-9,Antigua
2015,NST and IRIS multi-wavelength observations of an M1.0 class solar flare NST and IRIS,"Vargas Domínguez, Santiago, Sadykov, Viacheslav, Kosovichev, Alexander, Sharykin, Ivan, Struminsky, Alexei, Zimovets, Ivan",,https://ui.adsabs.harvard.edu/abs/2015IAUGA..2257574V/abstract,Antigua
2015,Spectroscopic UV observations of M1.0 class solar flare from IRIS satellite Spectroscopic UV observations,"Sadykov, Viacheslav M., Kosovichev, Alexander G., Sharykin, Ivan N, Vargas Dominguez, Santiago",,https://www.cambridge.org/core/journals/proceedings-of-the-international-astronomical-union/article/spectroscopic-uv-observations-of-m10-class-solar-flare-from-iris-satellite/FA7D13EDC78F21BC2C2424DB27F29D3C,Antigua
2015,NST and IRIS multi-wavelength observations of an M1.0 class solar flare NST and IRIS,"Santiago Vargas Dominguez, Viacheslav M Sadykov, Alexander G Kosovichev, Ivan N Sharykin, Alexei B Struminsky, Ivan Zimovets",Santiago Vargas Domínguez,https://ui.adsabs.harvard.edu/abs/2015IAUGA..2257574V/abstract,Antigua
2015,Properties of Chromospheric Evaporation and Plasma Dynamics of a Solar Flare from IRIS Properties of Chromospheric Evaporation and Plasma Dynamics of a Solar Flare from,"Viacheslav M Sadykov, Santiago Vargas Dominguez, Alexander G Kosovichev, Ivan N Sharykin, Alexei B Struminsky, Ivan Zimovets",Santiago Vargas Domínguez,https://iopscience.iop.org/article/10.1088/0004-637X/805/2/167,Antigua
2015,Evolution of Small-Scale Magnetic Elements in the Vicinity of Granular-Sized Swirl Convective Motions Evolution of Small-Scale Magnetic Elements in the Vicinity of Granular-Sized Swirl Convective,"Santiago Vargas Dominguez, Judith Palacios, Laura Balmaceda, Iballa Cabello, Vicente Domingo",Santiago Vargas Domínguez,https://link.springer.com/article/10.1007%2Fs11207-014-0626-3,Antigua
2015,Parallel Evolution of Quasi-separatrix Layers and Active Region Upflows Parallel Evolution of Quasi-separatrix Layers and Active,"Cristina Mandrini, Deb Baker, P Demoulin, Santiago Vargas Dominguez",Santiago Vargas Domínguez,https://iopscience.iop.org/article/10.1088/0004-637X/809/1/73,Antigua
2015,Evolution of solar magnetic fields in a seismically active region with recurrent flaring activity Evolution of solar magnetic fields in a seismically active region with,"Santiago Vargas Dominguez, Juan Camilo Buitrago, Miguel Molina",Santiago Vargas Domínguez; Juan Camilo Buitrago,https://doi.org/10.1088/0004-637x/802/1/19,Nueva (sep. 2026)
2015,Hard X-ray emission during flares and photospheric field changes,"O. Burtseva, J. C. Martínez-Oliveros, G. J. D. Petrie, A. A. Pevtsov.",Juan Carlos Martínez Oliveros,https://doi.org/10.1088/0004-637x/806/2/173,Nueva (sep. 2026)
2015,STEREO-Wind Radio Positioning of an Unusually Slow Drifting Event,"J. C. Martínez-Oliveros, C. Raftery, H. Bain, Y. Liu, M. Pulupa, P. Saint-Hilaire, P. Higgins, V. Krupar, Säm Krucker, S. D. Bale.",Juan Carlos Martínez Oliveros,https://doi.org/10.1007/s11207-014-0638-z,Nueva (sep. 2026)
2014,SunPy: Python for Solar Physics. An implementation for local correlation trackin SunPy: Python for Solar Physics. An implementation for local correlation tracking SunPy: Python for,"Jose Ivan Campos Rozo, Santiago Vargas Dominguez",Jose Ivan Campos Rozo; Santiago Vargas Domínguez,https://hrcak.srce.hr/file/211975,Antigua
2014,Emergence of a small-scale magnetic flux tube and the response of the solar atmosphere Emergence of a small-scale magnetic flux tube and the response of,"Vargas Dominguez, S, Kosovichev, A. G. ; Yurchyshyn, V.",,https://hrcak.srce.hr/clanak/211817,Antigua
2014,Multi-wavelength high-resolution observations of a small-scale emerging magnetic flux event and the chromospheric and coronal response Multi-wavelength high-resolution observations of a small-scale emerging magnetic flux,"Palacios, J. ; Vargas Domínguez, S. Balmaceda, L. A. ; Cabello, I. ; Domingo, V.",,https://iopscience.iop.org/article/10.1088/0004-637X/794/2/140,Antigua
2014,Recurrent Coronal Jets Induced by Magnetic Emergence in the Solar Atmosphere Recurrent Coronal Jets,"Santiago Vargas Dominguez, Alexander Kosovichev",Santiago Vargas Domínguez,https://ui.adsabs.harvard.edu/abs/2014AAS...22412345V/abstract,Antigua
2014,Evolution of a quiet sun region in the vicinity of granular size swirl convective motions Evolution of a quiet sun region in the vicinity of,"Vargas Domínguez, S. ; Palacios, J. ; Balmaceda, L. ; Cabello, I. ; Domingo, V.",,https://link.springer.com/article/10.1007%2Fs11207-014-0626-3,Antigua
2014,Analysis of IRIS and NST observations of the 12.06. 2014 flare event Analysis,"Vargas Domínguez, Santiago; Sadykov, Viacheslav ; Kosovichev, Alexander ; Sharykin, Ivan ; Struminsky, Alexei ; Zimovets, Ivan",,https://www.semanticscholar.org/paper/ANALYSIS-OF-IRIS-AND-NST-OBSERVATIONS-OF-THE-FLARE-Sadykov-Dom%C3%ADnguez/65e477fb3f71e3e0a3e1ad283f9d2e2f3dffa5bd,Antigua
2014,Observations of linear polarization in a solar coronal loop prominence system observed near 6173 å,"Pascal Saint-Hilaire, Jesper Schou, Juan-Carlos Martínez Oliveros, Hugh S. Hudson, Säm Krucker, Hazel Bain, Sébastien Couvidat.",Juan Carlos Martínez Oliveros,https://doi.org/10.1088/2041-8205/786/2/l19,Nueva (sep. 2026)
2014,The Role of Magnetic Fields in Transient Seismic Emission Driven by Atmospheric Heating in Flares,"C. Lindsey, A.-C. Donea, J. C. Martínez Oliveros, H. S. Hudson.",Juan Carlos Martínez Oliveros,https://doi.org/10.1007/s11207-013-0389-2,Nueva (sep. 2026)
2014,Transient Artifacts in a Flare Observed by the Helioseismic and Magnetic Imager on the Solar Dynamics Observatory,"J. C. Martínez Oliveros, C. Lindsey, H. S. Hudson, J. C. Buitrago Casas.",Juan Carlos Martínez Oliveros; Juan Camilo Buitrago,https://doi.org/10.1007/s11207-013-0358-9,Nueva (sep. 2026)
2013,Chromospheric and coronal observations of solar flares with the helioseismic and magnetic imager,"Juan-Carlos Martínez Oliveros, Säm Krucker, Hugh S. Hudson, Pascal Saint-Hilaire, Hazel Bain, Charles Lindsey, Rick Bogart, Sebastien Couvidat, Phil Scherrer, Jesper Schou.",Juan Carlos Martínez Oliveros,https://doi.org/10.1088/2041-8205/780/2/l28,Nueva (sep. 2026)
2013,Recurrent coronal jets induced by repetitively accumulated electric currents,"Y. Guo, P. Démoulin, B. Schmieder, M. D. Ding, S. Vargas Domínguez, Y. Liu.",Santiago Vargas Domínguez,https://doi.org/10.1051/0004-6361/201321229,Nueva (sep. 2026)
2013,Twisting solar coronal jet launched at the boundary of an active region,"B. Schmieder, Y. Guo, F. Moreno-Insertis, G. Aulanier, L. Yelles Chaouche, N. Nishizuka, L. K. Harra, J. K. Thalmann, S. Vargas Dominguez, Y. Liu.",Santiago Vargas Domínguez,https://doi.org/10.1051/0004-6361/201322181,Nueva (sep. 2026)
2012,Magneto-acoustic energetics study of the seismically active flare of 15 February 2011 Magneto-acoustic,"Benjamin Calvo Mozo, Julian David Alvarado Gomez, Juan Camilo Buitrago Casas, Juan Carlos Martinez Oliveros, Charles Lindsey, Hugh Hudson",Benjamín Calvo Mozo; Juan Camilo Buitrago; Juan Carlos Martínez Oliveros,https://link.springer.com/article/10.1007%2Fs11207-012-0009-6,Antigua
2012,Determination of Electromagnetic Source Direction as an Eigenvalue Problem,"Juan C. Martínez-Oliveros, Charles Lindsey, Stuart D. Bale, Säm Krucker.",Juan Carlos Martínez Oliveros,https://doi.org/10.1007/s11207-012-9998-4,Nueva (sep. 2026)
2012,Granular-Scale Elementary Flux Emergence Episodes in a Solar Active Region,"S. Vargas Domínguez, L. Van Driel-Gesztelyi, L. R. Bellot Rubio.",Santiago Vargas Domínguez,https://doi.org/10.1007/s11207-012-9968-x,Nueva (sep. 2026)
2012,Interactions between coronal mass ejections viewed in coordinated imaging and in situ observations,"Ying D. Liu, Janet G. Luhmann, Christian Möstl, Juan C. Martinez-Oliveros, Stuart D. Bale, Robert P. Lin, Richard A. Harrison, Manuela Temmer, David F. Webb, Dusan Odstrcil.",Juan Carlos Martínez Oliveros,https://doi.org/10.1088/2041-8205/746/2/l15,Nueva (sep. 2026)
2012,Magnetic topology of a naked sunspot: is it really naked?,"A. Sainz Dalda, S. Vargas Domínguez, T. D. Tarbell.",Santiago Vargas Domínguez,https://doi.org/10.1088/2041-8205/746/1/l13,Nueva (sep. 2026)
2012,The 2010 August 1 type II burst: a CME-CME interaction and its radio and white-light manifestations,"Juan Carlos Martínez Oliveros, Claire L. Raftery, Hazel M. Bain, Ying Liu, Vratislav Krupar, Stuart Bale, Säm Krucker.",Juan Carlos Martínez Oliveros,https://doi.org/10.1088/0004-637x/748/1/66,Nueva (sep. 2026)
2012,The height of a white-light flare and its hard X-ray sources,"Juan-Carlos Martínez Oliveros, Hugh S. Hudson, Gordon J. Hurford, Säm Krucker, R. P. Lin, Charles Lindsey, Sebastien Couvidat, Jesper Schou, W. T. Thompson.",Juan Carlos Martínez Oliveros,https://doi.org/10.1088/2041-8205/753/2/l26,Nueva (sep. 2026)
